finding.resource_name,finding.state,finding.category,finding.external_uri,finding.severity,finding.description,finding.event_time
//compute.googleapis.com/projects/ticm-qa/global/firewalls/447703610213917087,ACTIVE,OPEN_CISCOSECURE_WEBSM_PORT,https://console.cloud.google.com/networking/firewalls/details/prometheus?project=ticm-qa,High,Firewall rules that allow connections from all IP addresses on TCP port 9090 may expose CiscoSecure/WebSM services to attackers.,2024-02-28 07:34:00.668000+00:00
//compute.googleapis.com/projects/ticm-qa/global/firewalls/6929987249146532298,ACTIVE,OPEN_FIREWALL,https://console.cloud.google.com/networking/firewalls/details/one-montra-openvpn?project=ticm-qa,High,Firewall rules that allow connections from all IP addresses or on all ports may expose resources to attackers.,2024-11-15 06:03:24.126000+00:00
//compute.googleapis.com/projects/ticm-qa/zones/asia-south2-a/instances/405244680175147167,INACTIVE,PUBLIC_IP_ADDRESS,https://console.cloud.google.com/compute/instancesDetail/zones/asia-south2-a/instances/cloudsql-iap-test?project=ticm-qa,High,"To reduce the attack surface, avoid assigning public IP addresses to your VMs. Stopped instances may still be flagged with a Public IP finding, e.g. if the network interfaces are configured to assign an ephemeral public IP on start. Ensure the network configurations for stopped instances do not include external access.",2024-05-31 11:48:51.425000+00:00
//compute.googleapis.com/projects/ticm-qa/global/firewalls/645164164657425299,INACTIVE,OPEN_SSH_PORT,https://console.cloud.google.com/networking/firewalls/details/allow-all?project=ticm-qa,High,Firewall rules that allow connections from all IP addresses on TCP port 22 or SCTP port 22 may expose SSH services to attackers.,2024-07-19 09:51:42.839000+00:00
//compute.googleapis.com/projects/ticm-qa/zones/asia-south2-a/instances/1598769336758719004,INACTIVE,PUBLIC_IP_ADDRESS,https://console.cloud.google.com/compute/instancesDetail/zones/asia-south2-a/instances/qa-one-montra-mysql-connect?project=ticm-qa,High,"To reduce the attack surface, avoid assigning public IP addresses to your VMs. Stopped instances may still be flagged with a Public IP finding, e.g. if the network interfaces are configured to assign an ephemeral public IP on start. Ensure the network configurations for stopped instances do not include external access.",2024-03-11 04:27:11.490000+00:00
//compute.googleapis.com/projects/ticm-qa/zones/asia-south1-b/instances/instance-20240910-152613,INACTIVE,PUBLIC_IP_ADDRESS,https://console.cloud.google.com/compute/instancesDetail/zones/asia-south1-b/instances/instance-20240910-152613?project=ticm-qa,High,"To reduce the attack surface, avoid assigning public IP addresses to your VMs. Stopped instances may still be flagged with a Public IP finding, e.g. if the network interfaces are configured to assign an ephemeral public IP on start. Ensure the network configurations for stopped instances do not include external access.",2024-09-10 10:13:42.103000+00:00
//compute.googleapis.com/projects/ticm-qa/global/firewalls/645164164657425299,INACTIVE,OPEN_CISCOSECURE_WEBSM_PORT,https://console.cloud.google.com/networking/firewalls/details/allow-all?project=ticm-qa,High,Firewall rules that allow connections from all IP addresses on TCP port 9090 may expose CiscoSecure/WebSM services to attackers.,2024-07-19 09:51:42.839000+00:00
//compute.googleapis.com/projects/ticm-qa/zones/asia-south2-a/instances/3630486500688110381,INACTIVE,PUBLIC_IP_ADDRESS,https://console.cloud.google.com/compute/instancesDetail/zones/asia-south2-a/instances/test-one-m-vpn?project=ticm-qa,High,"To reduce the attack surface, avoid assigning public IP addresses to your VMs. Stopped instances may still be flagged with a Public IP finding, e.g. if the network interfaces are configured to assign an ephemeral public IP on start. Ensure the network configurations for stopped instances do not include external access.",2024-03-12 09:50:17.143000+00:00
//cloudsql.googleapis.com/projects/ticm-qa/instances/qa-one-montra-mysql,INACTIVE,PUBLIC_SQL_INSTANCE,https://console.cloud.google.com/sql/instances/qa-one-montra-mysql/connections?project=ticm-qa,High,"You have added 0.0.0.0/0 as an allowed network. This prefix will allow any IPv4 client to pass the network firewall and make login attempts to your instance, including clients you did not intend to allow. Clients still need valid credentials to successfully log in to your instance. Learn more at: https://cloud.google.com/sql/docs/mysql/configure-ip",2024-03-06 16:25:30.736000+00:00
//compute.googleapis.com/projects/ticm-qa/global/firewalls/6929987249146532298,INACTIVE,OPEN_RDP_PORT,https://console.cloud.google.com/networking/firewalls/details/one-montra-openvpn?project=ticm-qa,High,Firewall rules that allow connections from all IP addresses on TCP port 3389 or UDP port 3389 may expose RDP services to attackers.,2024-11-12 05:02:06.784000+00:00
//storage.googleapis.com/ticm-qa-app-bucket,ACTIVE,PUBLIC_BUCKET_ACL,https://console.cloud.google.com/storage/browser/ticm-qa-app-bucket;tab=permissions,High,"This bucket is public and can be accessed by anyone on the Internet. ""allUsers"" represents anyone on the Internet, and ""allAuthenticatedUsers"" represents anyone who is authenticated with a Google account; neither is constrained to users within your organization.",2024-11-13 03:52:21.609000+00:00
//cloudsql.googleapis.com/projects/ticm-qa/instances/qa-one-montra-mysql,INACTIVE,SSL_NOT_ENFORCED,https://console.cloud.google.com/sql/instances/qa-one-montra-mysql/connections?project=ticm-qa,High,"To avoid leaking sensitive data in transit through unencrypted communications, all incoming connections to your SQL database instance should use SSL. Learn more at: https://cloud.google.com/sql/docs/mysql/configure-ssl-instance",2024-03-11 10:36:47.035000+00:00
//compute.googleapis.com/projects/ticm-qa/global/firewalls/5305526048184001458,INACTIVE,OPEN_CISCOSECURE_WEBSM_PORT,https://console.cloud.google.com/networking/firewalls/details/ticm-qa-promotheus?project=ticm-qa,High,Firewall rules that allow connections from all IP addresses on TCP port 9090 may expose CiscoSecure/WebSM services to attackers.,2024-11-05 06:38:34.972000+00:00
//compute.googleapis.com/projects/ticm-qa/zones/asia-south2-a/instances/3518852170291927624,INACTIVE,PUBLIC_IP_ADDRESS,https://console.cloud.google.com/compute/instancesDetail/zones/asia-south2-a/instances/qa-one-montra-gke-connect?project=ticm-qa,High,"To reduce the attack surface, avoid assigning public IP addresses to your VMs. Stopped instances may still be flagged with a Public IP finding, e.g. if the network interfaces are configured to assign an ephemeral public IP on start. Ensure the network configurations for stopped instances do not include external access.",2024-03-15 05:24:56.972000+00:00
//compute.googleapis.com/projects/ticm-qa/zones/asia-south2-b/instances/minikube-poc,ACTIVE,PUBLIC_IP_ADDRESS,https://console.cloud.google.com/compute/instancesDetail/zones/asia-south2-b/instances/minikube-poc?project=ticm-qa,High,"To reduce the attack surface, avoid assigning public IP addresses to your VMs. Stopped instances may still be flagged with a Public IP finding, e.g. if the network interfaces are configured to assign an ephemeral public IP on start. Ensure the network configurations for stopped instances do not include external access.",2024-10-19 04:47:36.089000+00:00
//cloudsql.googleapis.com/projects/ticm-qa/instances/qa-one-montra-mysql8,ACTIVE,SSL_NOT_ENFORCED,https://console.cloud.google.com/sql/instances/qa-one-montra-mysql8/connections?project=ticm-qa,High,"To avoid leaking sensitive data in transit through unencrypted communications, all incoming connections to your SQL database instance should use SSL. Learn more at: https://cloud.google.com/sql/docs/mysql/configure-ssl-instance",2024-03-15 17:02:56.567000+00:00
//compute.googleapis.com/projects/ticm-qa/zones/asia-south2-a/instances/3661492827331634954,INACTIVE,PUBLIC_IP_ADDRESS,https://console.cloud.google.com/compute/instancesDetail/zones/asia-south2-a/instances/connectm-azure-agent?project=ticm-qa,High,"To reduce the attack surface, avoid assigning public IP addresses to your VMs. Stopped instances may still be flagged with a Public IP finding, e.g. if the network interfaces are configured to assign an ephemeral public IP on start. Ensure the network configurations for stopped instances do not include external access.",2024-04-09 08:42:56.279000+00:00
//compute.googleapis.com/projects/ticm-qa/global/firewalls/6929987249146532298,INACTIVE,OPEN_CISCOSECURE_WEBSM_PORT,https://console.cloud.google.com/networking/firewalls/details/one-montra-openvpn?project=ticm-qa,High,Firewall rules that allow connections from all IP addresses on TCP port 9090 may expose CiscoSecure/WebSM services to attackers.,2024-11-12 05:02:06.784000+00:00
//compute.googleapis.com/projects/ticm-qa/zones/asia-south2-b/instances/4904507253864847964,INACTIVE,PUBLIC_IP_ADDRESS,https://console.cloud.google.com/compute/instancesDetail/zones/asia-south2-b/instances/batsapp-dev-azure-agent?project=ticm-qa,High,"To reduce the attack surface, avoid assigning public IP addresses to your VMs. Stopped instances may still be flagged with a Public IP finding, e.g. if the network interfaces are configured to assign an ephemeral public IP on start. Ensure the network configurations for stopped instances do not include external access.",2024-06-03 06:42:42.241000+00:00
//compute.googleapis.com/projects/ticm-qa/zones/asia-south2-a/instances/2570713379167339321,INACTIVE,PUBLIC_IP_ADDRESS,https://console.cloud.google.com/compute/instancesDetail/zones/asia-south2-a/instances/vpn-test?project=ticm-qa,High,"To reduce the attack surface, avoid assigning public IP addresses to your VMs. Stopped instances may still be flagged with a Public IP finding, e.g. if the network interfaces are configured to assign an ephemeral public IP on start. Ensure the network configurations for stopped instances do not include external access.",2024-04-30 10:07:41.720000+00:00
//cloudresourcemanager.googleapis.com/projects/667379710002,INACTIVE,NON_ORG_IAM_MEMBER,https://console.cloud.google.com/iam-admin/iam?project=ticm-qa,High,"A user outside of your organization has IAM permissions on a project, folder, or organization.",2024-09-16 11:10:05.757000+00:00
//cloudsql.googleapis.com/projects/ticm-qa/instances/ticm-qa-cloudsql-8,ACTIVE,SSL_NOT_ENFORCED,https://console.cloud.google.com/sql/instances/ticm-qa-cloudsql-8/connections?project=ticm-qa,High,"To avoid leaking sensitive data in transit through unencrypted communications, all incoming connections to your SQL database instance should use SSL. Learn more at: https://cloud.google.com/sql/docs/mysql/configure-ssl-instance",2024-10-28 04:59:41.288000+00:00
//compute.googleapis.com/projects/ticm-qa/zones/asia-south1-a/instances/kafka-connectm-1,INACTIVE,PUBLIC_IP_ADDRESS,https://console.cloud.google.com/compute/instancesDetail/zones/asia-south1-a/instances/kafka-connectm-1?project=ticm-qa,High,"To reduce the attack surface, avoid assigning public IP addresses to your VMs. Stopped instances may still be flagged with a Public IP finding, e.g. if the network interfaces are configured to assign an ephemeral public IP on start. Ensure the network configurations for stopped instances do not include external access.",2024-11-11 09:45:28.527000+00:00
//cloudsql.googleapis.com/projects/ticm-qa/instances/batsapp-dev-mysql,ACTIVE,SSL_NOT_ENFORCED,https://console.cloud.google.com/sql/instances/batsapp-dev-mysql/connections?project=ticm-qa,High,"To avoid leaking sensitive data in transit through unencrypted communications, all incoming connections to your SQL database instance should use SSL. Learn more at: https://cloud.google.com/sql/docs/mysql/configure-ssl-instance",2024-05-31 13:08:53.925000+00:00
//compute.googleapis.com/projects/ticm-qa/zones/asia-south2-a/instances/6098332536641842736,INACTIVE,PUBLIC_IP_ADDRESS,https://console.cloud.google.com/compute/instancesDetail/zones/asia-south2-a/instances/connectm-win-ado?project=ticm-qa,High,"To reduce the attack surface, avoid assigning public IP addresses to your VMs. Stopped instances may still be flagged with a Public IP finding, e.g. if the network interfaces are configured to assign an ephemeral public IP on start. Ensure the network configurations for stopped instances do not include external access.",2024-04-08 11:15:46.537000+00:00
//compute.googleapis.com/projects/ticm-qa/zones/asia-south2-b/instances/4973380700883657223,INACTIVE,PUBLIC_IP_ADDRESS,https://console.cloud.google.com/compute/instancesDetail/zones/asia-south2-b/instances/qa-dev-batsapp-vpn?project=ticm-qa,High,"To reduce the attack surface, avoid assigning public IP addresses to your VMs. Stopped instances may still be flagged with a Public IP finding, e.g. if the network interfaces are configured to assign an ephemeral public IP on start. Ensure the network configurations for stopped instances do not include external access.",2024-11-11 09:47:12.385000+00:00
//compute.googleapis.com/projects/ticm-qa/zones/asia-south2-a/instances/6909818589486486865,INACTIVE,PUBLIC_IP_ADDRESS,https://console.cloud.google.com/compute/instancesDetail/zones/asia-south2-a/instances/connectm-agent?project=ticm-qa,High,"To reduce the attack surface, avoid assigning public IP addresses to your VMs. Stopped instances may still be flagged with a Public IP finding, e.g. if the network interfaces are configured to assign an ephemeral public IP on start. Ensure the network configurations for stopped instances do not include external access.",2024-04-18 12:09:07.973000+00:00
//compute.googleapis.com/projects/ticm-qa/zones/asia-south2-a/instances/341637593201262987,INACTIVE,PUBLIC_IP_ADDRESS,https://console.cloud.google.com/compute/instancesDetail/zones/asia-south2-a/instances/qa-one-montra-redis?project=ticm-qa,High,"To reduce the attack surface, avoid assigning public IP addresses to your VMs. Stopped instances may still be flagged with a Public IP finding, e.g. if the network interfaces are configured to assign an ephemeral public IP on start. Ensure the network configurations for stopped instances do not include external access.",2024-03-28 09:28:57.551000+00:00
//compute.googleapis.com/projects/ticm-qa/zones/asia-south2-a/instances/8648078423535460390,INACTIVE,PUBLIC_IP_ADDRESS,https://console.cloud.google.com/compute/instancesDetail/zones/asia-south2-a/instances/connectm-agent-win?project=ticm-qa,High,"To reduce the attack surface, avoid assigning public IP addresses to your VMs. Stopped instances may still be flagged with a Public IP finding, e.g. if the network interfaces are configured to assign an ephemeral public IP on start. Ensure the network configurations for stopped instances do not include external access.",2024-04-18 12:11:51.116000+00:00
//compute.googleapis.com/projects/ticm-qa/global/firewalls/645164164657425299,INACTIVE,OPEN_DIRECTORY_SERVICES_PORT,https://console.cloud.google.com/networking/firewalls/details/allow-all?project=ticm-qa,High,Firewall rules that allow connections from all IP addresses on TCP port 445 or UDP port 445 may expose Directory Services to attackers.,2024-07-19 09:51:42.839000+00:00
//compute.googleapis.com/projects/ticm-qa/zones/asia-south2-b/instances/kafka-test-poc,INACTIVE,PUBLIC_IP_ADDRESS,https://console.cloud.google.com/compute/instancesDetail/zones/asia-south2-b/instances/kafka-test-poc?project=ticm-qa,High,"To reduce the attack surface, avoid assigning public IP addresses to your VMs. Stopped instances may still be flagged with a Public IP finding, e.g. if the network interfaces are configured to assign an ephemeral public IP on start. Ensure the network configurations for stopped instances do not include external access.",2024-09-06 08:09:01.670000+00:00
//compute.googleapis.com/projects/ticm-qa/global/firewalls/645164164657425299,INACTIVE,OPEN_FIREWALL,https://console.cloud.google.com/networking/firewalls/details/allow-all?project=ticm-qa,High,Firewall rules that allow connections from all IP addresses or on all ports may expose resources to attackers.,2024-07-19 09:51:42.839000+00:00
//compute.googleapis.com/projects/ticm-qa/global/firewalls/8366949075729837860,ACTIVE,OPEN_FIREWALL,https://console.cloud.google.com/networking/firewalls/details/allow-grafana-ticm-qa?project=ticm-qa,High,Firewall rules that allow connections from all IP addresses or on all ports may expose resources to attackers.,2024-03-28 11:22:51.569000+00:00
//compute.googleapis.com/projects/ticm-qa/zones/asia-south2-a/instances/2652648234094377504,INACTIVE,PUBLIC_IP_ADDRESS,https://console.cloud.google.com/compute/instancesDetail/zones/asia-south2-a/instances/testvm?project=ticm-qa,High,"To reduce the attack surface, avoid assigning public IP addresses to your VMs. Stopped instances may still be flagged with a Public IP finding, e.g. if the network interfaces are configured to assign an ephemeral public IP on start. Ensure the network configurations for stopped instances do not include external access.",2024-03-11 04:44:02.907000+00:00
//compute.googleapis.com/projects/ticm-qa/zones/asia-south1-c/instances/2535735461905900832,ACTIVE,PUBLIC_IP_ADDRESS,https://console.cloud.google.com/compute/instancesDetail/zones/asia-south1-c/instances/jumpserver-ticm-qa?project=ticm-qa,High,"To reduce the attack surface, avoid assigning public IP addresses to your VMs. Stopped instances may still be flagged with a Public IP finding, e.g. if the network interfaces are configured to assign an ephemeral public IP on start. Ensure the network configurations for stopped instances do not include external access.",2024-03-11 08:32:50.504000+00:00
//compute.googleapis.com/projects/ticm-qa/zones/asia-south1-a/instances/1379979691154640186,INACTIVE,PUBLIC_IP_ADDRESS,https://console.cloud.google.com/compute/instancesDetail/zones/asia-south1-a/instances/kafka-connect-sasl-ssl?project=ticm-qa,High,"To reduce the attack surface, avoid assigning public IP addresses to your VMs. Stopped instances may still be flagged with a Public IP finding, e.g. if the network interfaces are configured to assign an ephemeral public IP on start. Ensure the network configurations for stopped instances do not include external access.",2024-11-25 06:04:37.772000+00:00
//compute.googleapis.com/projects/ticm-qa/zones/asia-south2-b/instances/7933663338871143494,INACTIVE,PUBLIC_IP_ADDRESS,https://console.cloud.google.com/compute/instancesDetail/zones/asia-south2-b/instances/batsapp-dev-openvpn?project=ticm-qa,High,"To reduce the attack surface, avoid assigning public IP addresses to your VMs. Stopped instances may still be flagged with a Public IP finding, e.g. if the network interfaces are configured to assign an ephemeral public IP on start. Ensure the network configurations for stopped instances do not include external access.",2024-05-31 09:36:58.155000+00:00
//compute.googleapis.com/projects/ticm-qa/global/firewalls/7918269823933802635,INACTIVE,OPEN_FIREWALL,https://console.cloud.google.com/networking/firewalls/details/qa-one-montra-mysql?project=ticm-qa,High,Firewall rules that allow connections from all IP addresses or on all ports may expose resources to attackers.,2024-03-07 06:07:13.109000+00:00
//compute.googleapis.com/projects/ticm-qa/zones/asia-south2-b/instances/defectdojo,ACTIVE,PUBLIC_IP_ADDRESS,https://console.cloud.google.com/compute/instancesDetail/zones/asia-south2-b/instances/defectdojo?project=ticm-qa,High,"To reduce the attack surface, avoid assigning public IP addresses to your VMs. Stopped instances may still be flagged with a Public IP finding, e.g. if the network interfaces are configured to assign an ephemeral public IP on start. Ensure the network configurations for stopped instances do not include external access.",2024-10-23 08:41:19.648000+00:00
//compute.googleapis.com/projects/ticm-qa/zones/asia-south1-a/instances/6072333841215986363,INACTIVE,PUBLIC_IP_ADDRESS,https://console.cloud.google.com/compute/instancesDetail/zones/asia-south1-a/instances/feedprocessor-ticm-qa-1a?project=ticm-qa,High,"To reduce the attack surface, avoid assigning public IP addresses to your VMs. Stopped instances may still be flagged with a Public IP finding, e.g. if the network interfaces are configured to assign an ephemeral public IP on start. Ensure the network configurations for stopped instances do not include external access.",2024-03-11 06:30:13.616000+00:00
//storage.googleapis.com/one_app_assets,ACTIVE,PUBLIC_BUCKET_ACL,https://console.cloud.google.com/storage/browser/one_app_assets;tab=permissions,High,"This bucket is public and can be accessed by anyone on the Internet. ""allUsers"" represents anyone on the Internet, and ""allAuthenticatedUsers"" represents anyone who is authenticated with a Google account; neither is constrained to users within your organization.",2024-11-13 03:52:21.609000+00:00
//compute.googleapis.com/projects/ticm-qa/zones/asia-south2-b/instances/3334871061374225490,INACTIVE,PUBLIC_IP_ADDRESS,https://console.cloud.google.com/compute/instancesDetail/zones/asia-south2-b/instances/batsapp-dev-azure-agent?project=ticm-qa,High,"To reduce the attack surface, avoid assigning public IP addresses to your VMs. Stopped instances may still be flagged with a Public IP finding, e.g. if the network interfaces are configured to assign an ephemeral public IP on start. Ensure the network configurations for stopped instances do not include external access.",2024-06-03 07:50:52.523000+00:00
//compute.googleapis.com/projects/ticm-qa/global/firewalls/8632904660609120610,INACTIVE,OPEN_RDP_PORT,https://console.cloud.google.com/networking/firewalls/details/default-allow-rdp?project=ticm-qa,High,Firewall rules that allow connections from all IP addresses on TCP port 3389 or UDP port 3389 may expose RDP services to attackers.,2024-11-12 05:17:17.941000+00:00
//compute.googleapis.com/projects/ticm-qa/zones/asia-south2-a/instances/6715902529761252376,INACTIVE,PUBLIC_IP_ADDRESS,https://console.cloud.google.com/compute/instancesDetail/zones/asia-south2-a/instances/npm-test-agent?project=ticm-qa,High,"To reduce the attack surface, avoid assigning public IP addresses to your VMs. Stopped instances may still be flagged with a Public IP finding, e.g. if the network interfaces are configured to assign an ephemeral public IP on start. Ensure the network configurations for stopped instances do not include external access.",2024-05-10 05:13:36.267000+00:00
//compute.googleapis.com/projects/ticm-qa/zones/asia-south2-a/instances/mongodb-qa,INACTIVE,PUBLIC_IP_ADDRESS,https://console.cloud.google.com/compute/instancesDetail/zones/asia-south2-a/instances/mongodb-qa?project=ticm-qa,High,"To reduce the attack surface, avoid assigning public IP addresses to your VMs. Stopped instances may still be flagged with a Public IP finding, e.g. if the network interfaces are configured to assign an ephemeral public IP on start. Ensure the network configurations for stopped instances do not include external access.",2024-11-18 05:00:58.727000+00:00
//compute.googleapis.com/projects/ticm-qa/zones/asia-south1-a/instances/6136383670548022806,ACTIVE,PUBLIC_IP_ADDRESS,https://console.cloud.google.com/compute/instancesDetail/zones/asia-south1-a/instances/kafka-connect-sibros?project=ticm-qa,High,"To reduce the attack surface, avoid assigning public IP addresses to your VMs. Stopped instances may still be flagged with a Public IP finding, e.g. if the network interfaces are configured to assign an ephemeral public IP on start. Ensure the network configurations for stopped instances do not include external access.",2024-07-19 10:06:09.682000+00:00
//compute.googleapis.com/projects/ticm-qa/global/firewalls/5350797889748882136,ACTIVE,OPEN_FIREWALL,https://console.cloud.google.com/networking/firewalls/details/ticm-qa-vpc-firewall-rules-webserver?project=ticm-qa,High,Firewall rules that allow connections from all IP addresses or on all ports may expose resources to attackers.,2024-07-30 11:56:12.479000+00:00
//compute.googleapis.com/projects/ticm-qa/zones/us-central1-a/instances/7786650731539701852,INACTIVE,PUBLIC_IP_ADDRESS,https://console.cloud.google.com/compute/instancesDetail/zones/us-central1-a/instances/test-prometheus?project=ticm-qa,High,"To reduce the attack surface, avoid assigning public IP addresses to your VMs. Stopped instances may still be flagged with a Public IP finding, e.g. if the network interfaces are configured to assign an ephemeral public IP on start. Ensure the network configurations for stopped instances do not include external access.",2024-05-06 10:40:43.458000+00:00
//compute.googleapis.com/projects/ticm-qa/zones/asia-south2-b/instances/206455550558397401,INACTIVE,PUBLIC_IP_ADDRESS,https://console.cloud.google.com/compute/instancesDetail/zones/asia-south2-b/instances/batsapp-dev-azure-agent?project=ticm-qa,High,"To reduce the attack surface, avoid assigning public IP addresses to your VMs. Stopped instances may still be flagged with a Public IP finding, e.g. if the network interfaces are configured to assign an ephemeral public IP on start. Ensure the network configurations for stopped instances do not include external access.",2024-06-03 06:29:57.820000+00:00
//compute.googleapis.com/projects/ticm-qa/zones/asia-south1-c/instances/4431821771990616081,INACTIVE,PUBLIC_IP_ADDRESS,https://console.cloud.google.com/compute/instancesDetail/zones/asia-south1-c/instances/ticm-sandboxvm?project=ticm-qa,High,"To reduce the attack surface, avoid assigning public IP addresses to your VMs. Stopped instances may still be flagged with a Public IP finding, e.g. if the network interfaces are configured to assign an ephemeral public IP on start. Ensure the network configurations for stopped instances do not include external access.",2024-05-27 11:33:30.530000+00:00
//cloudsql.googleapis.com/projects/ticm-qa/instances/test,INACTIVE,SSL_NOT_ENFORCED,https://console.cloud.google.com/sql/instances/test/connections?project=ticm-qa,High,"To avoid leaking sensitive data in transit through unencrypted communications, all incoming connections to your SQL database instance should use SSL. Learn more at: https://cloud.google.com/sql/docs/mysql/configure-ssl-instance",2024-03-06 11:27:56.138000+00:00
//compute.googleapis.com/projects/ticm-qa/global/firewalls/6907103483004352910,ACTIVE,OPEN_FIREWALL,https://console.cloud.google.com/networking/firewalls/details/one-montra-iap?project=ticm-qa,High,Firewall rules that allow connections from all IP addresses or on all ports may expose resources to attackers.,2024-03-21 05:36:34.299000+00:00
//compute.googleapis.com/projects/ticm-qa/zones/asia-south2-b/instances/7687327899085494665,INACTIVE,PUBLIC_IP_ADDRESS,https://console.cloud.google.com/compute/instancesDetail/zones/asia-south2-b/instances/batsapp-dev-azure-agent?project=ticm-qa,High,"To reduce the attack surface, avoid assigning public IP addresses to your VMs. Stopped instances may still be flagged with a Public IP finding, e.g. if the network interfaces are configured to assign an ephemeral public IP on start. Ensure the network configurations for stopped instances do not include external access.",2024-06-03 07:21:46.689000+00:00
//compute.googleapis.com/projects/ticm-qa/zones/asia-south2-a/instances/8909417601470971960,INACTIVE,PUBLIC_IP_ADDRESS,https://console.cloud.google.com/compute/instancesDetail/zones/asia-south2-a/instances/test-vm?project=ticm-qa,High,"To reduce the attack surface, avoid assigning public IP addresses to your VMs. Stopped instances may still be flagged with a Public IP finding, e.g. if the network interfaces are configured to assign an ephemeral public IP on start. Ensure the network configurations for stopped instances do not include external access.",2024-03-07 08:51:21.370000+00:00
//compute.googleapis.com/projects/ticm-qa/global/firewalls/4916012440446536034,INACTIVE,OPEN_RDP_PORT,https://console.cloud.google.com/networking/firewalls/details/allow-all-sibros?project=ticm-qa,High,Firewall rules that allow connections from all IP addresses on TCP port 3389 or UDP port 3389 may expose RDP services to attackers.,2024-11-18 11:34:55.482000+00:00
//compute.googleapis.com/projects/ticm-qa/global/firewalls/9198272268299827682,INACTIVE,OPEN_FIREWALL,https://console.cloud.google.com/networking/firewalls/details/one-montra-iap?project=ticm-qa,High,Firewall rules that allow connections from all IP addresses or on all ports may expose resources to attackers.,2024-03-21 05:35:58.291000+00:00
//cloudsql.googleapis.com/projects/ticm-qa/instances/mysql-cloudsql-ticm-qa,INACTIVE,SSL_NOT_ENFORCED,https://console.cloud.google.com/sql/instances/mysql-cloudsql-ticm-qa/connections?project=ticm-qa,High,"To avoid leaking sensitive data in transit through unencrypted communications, all incoming connections to your SQL database instance should use SSL. Learn more at: https://cloud.google.com/sql/docs/mysql/configure-ssl-instance",2024-03-11 19:30:53.551000+00:00
//compute.googleapis.com/projects/ticm-qa/zones/asia-south1-a/instances/kafka-datadog,ACTIVE,PUBLIC_IP_ADDRESS,https://console.cloud.google.com/compute/instancesDetail/zones/asia-south1-a/instances/kafka-datadog?project=ticm-qa,High,"To reduce the attack surface, avoid assigning public IP addresses to your VMs. Stopped instances may still be flagged with a Public IP finding, e.g. if the network interfaces are configured to assign an ephemeral public IP on start. Ensure the network configurations for stopped instances do not include external access.",2024-09-06 10:06:40.369000+00:00
//compute.googleapis.com/projects/ticm-qa/global/firewalls/4916012440446536034,ACTIVE,OPEN_SSH_PORT,https://console.cloud.google.com/networking/firewalls/details/allow-all-sibros?project=ticm-qa,High,Firewall rules that allow connections from all IP addresses on TCP port 22 or SCTP port 22 may expose SSH services to attackers.,2024-07-19 13:14:13.566000+00:00
//compute.googleapis.com/projects/ticm-qa/global/firewalls/645164164657425299,INACTIVE,OPEN_TELNET_PORT,https://console.cloud.google.com/networking/firewalls/details/allow-all?project=ticm-qa,High,Firewall rules that allow connections from all IP addresses on TCP port 23 may expose Telnet services to attackers.,2024-07-19 09:51:42.839000+00:00
//compute.googleapis.com/projects/ticm-qa/global/firewalls/defectdojo,ACTIVE,OPEN_FIREWALL,https://console.cloud.google.com/networking/firewalls/details/defectdojo?project=ticm-qa,High,Firewall rules that allow connections from all IP addresses or on all ports may expose resources to attackers.,2024-10-25 00:50:14.479000+00:00
//compute.googleapis.com/projects/ticm-qa/global/firewalls/4916012440446536034,INACTIVE,OPEN_DIRECTORY_SERVICES_PORT,https://console.cloud.google.com/networking/firewalls/details/allow-all-sibros?project=ticm-qa,High,Firewall rules that allow connections from all IP addresses on TCP port 445 or UDP port 445 may expose Directory Services to attackers.,2024-11-18 11:34:55.482000+00:00
//compute.googleapis.com/projects/ticm-qa/global/firewalls/4916012440446536034,INACTIVE,OPEN_CISCOSECURE_WEBSM_PORT,https://console.cloud.google.com/networking/firewalls/details/allow-all-sibros?project=ticm-qa,High,Firewall rules that allow connections from all IP addresses on TCP port 9090 may expose CiscoSecure/WebSM services to attackers.,2024-11-18 11:34:55.482000+00:00
//compute.googleapis.com/projects/ticm-qa/global/firewalls/4916012440446536034,INACTIVE,OPEN_TELNET_PORT,https://console.cloud.google.com/networking/firewalls/details/allow-all-sibros?project=ticm-qa,High,Firewall rules that allow connections from all IP addresses on TCP port 23 may expose Telnet services to attackers.,2024-11-18 11:34:55.482000+00:00
//compute.googleapis.com/projects/ticm-qa/zones/asia-south2-a/instances/6220816736111345407,INACTIVE,PUBLIC_IP_ADDRESS,https://console.cloud.google.com/compute/instancesDetail/zones/asia-south2-a/instances/connectm-ado-agent?project=ticm-qa,High,"To reduce the attack surface, avoid assigning public IP addresses to your VMs. Stopped instances may still be flagged with a Public IP finding, e.g. if the network interfaces are configured to assign an ephemeral public IP on start. Ensure the network configurations for stopped instances do not include external access.",2024-04-09 10:34:45.174000+00:00
//compute.googleapis.com/projects/ticm-qa/global/firewalls/5989825603858790331,INACTIVE,OPEN_FIREWALL,https://console.cloud.google.com/networking/firewalls/details/allow-port-temp?project=ticm-qa,High,Firewall rules that allow connections from all IP addresses or on all ports may expose resources to attackers.,2024-04-23 05:42:43.159000+00:00
//compute.googleapis.com/projects/ticm-qa/global/firewalls/allow-port-minikube,ACTIVE,OPEN_SSH_PORT,https://console.cloud.google.com/networking/firewalls/details/allow-port-minikube?project=ticm-qa,High,Firewall rules that allow connections from all IP addresses on TCP port 22 or SCTP port 22 may expose SSH services to attackers.,2024-11-14 05:42:15.615000+00:00
//compute.googleapis.com/projects/ticm-qa/zones/asia-south1-a/instances/kafka-datadog,INACTIVE,PUBLIC_IP_ADDRESS,https://console.cloud.google.com/compute/instancesDetail/zones/asia-south1-a/instances/kafka-datadog?project=ticm-qa,High,"To reduce the attack surface, avoid assigning public IP addresses to your VMs. Stopped instances may still be flagged with a Public IP finding, e.g. if the network interfaces are configured to assign an ephemeral public IP on start. Ensure the network configurations for stopped instances do not include external access.",2024-09-05 04:50:34.914000+00:00
//compute.googleapis.com/projects/ticm-qa/global/firewalls/1692191661494746532,INACTIVE,OPEN_FIREWALL,https://console.cloud.google.com/networking/firewalls/details/allow-subnet-one-montra?project=ticm-qa,High,Firewall rules that allow connections from all IP addresses or on all ports may expose resources to attackers.,2024-03-11 09:59:12.583000+00:00
//compute.googleapis.com/projects/ticm-qa/global/firewalls/3786279984015101762,ACTIVE,OPEN_FIREWALL,https://console.cloud.google.com/networking/firewalls/details/ticm-qa-vpc-firewall-rules-tcpserver?project=ticm-qa,High,Firewall rules that allow connections from all IP addresses or on all ports may expose resources to attackers.,2024-02-28 07:34:00.668000+00:00
//cloudsql.googleapis.com/projects/ticm-qa/instances/test,INACTIVE,PUBLIC_SQL_INSTANCE,https://console.cloud.google.com/sql/instances/test/connections?project=ticm-qa,High,"You have added 0.0.0.0/0 as an allowed network. This prefix will allow any IPv4 client to pass the network firewall and make login attempts to your instance, including clients you did not intend to allow. Clients still need valid credentials to successfully log in to your instance. Learn more at: https://cloud.google.com/sql/docs/mysql/configure-ip",2024-03-06 11:27:56.138000+00:00
//compute.googleapis.com/projects/ticm-qa/zones/us-central1-a/instances/5743911796764102192,INACTIVE,PUBLIC_IP_ADDRESS,https://console.cloud.google.com/compute/instancesDetail/zones/us-central1-a/instances/terraform?project=ticm-qa,High,"To reduce the attack surface, avoid assigning public IP addresses to your VMs. Stopped instances may still be flagged with a Public IP finding, e.g. if the network interfaces are configured to assign an ephemeral public IP on start. Ensure the network configurations for stopped instances do not include external access.",2024-03-01 08:32:42.140000+00:00
//compute.googleapis.com/projects/ticm-qa/zones/asia-south2-a/instances/3601188226615260643,INACTIVE,PUBLIC_IP_ADDRESS,https://console.cloud.google.com/compute/instancesDetail/zones/asia-south2-a/instances/connectm-python?project=ticm-qa,High,"To reduce the attack surface, avoid assigning public IP addresses to your VMs. Stopped instances may still be flagged with a Public IP finding, e.g. if the network interfaces are configured to assign an ephemeral public IP on start. Ensure the network configurations for stopped instances do not include external access.",2024-04-10 05:55:02.177000+00:00
//compute.googleapis.com/projects/ticm-qa/global/firewalls/1722121991503772121,ACTIVE,OPEN_FIREWALL,https://console.cloud.google.com/networking/firewalls/details/ticm-qa-firewall-mysql?project=ticm-qa,High,Firewall rules that allow connections from all IP addresses or on all ports may expose resources to attackers.,2024-11-22 08:48:12.160000+00:00
//compute.googleapis.com/projects/ticm-qa/zones/asia-south2-b/instances/artifact-test,INACTIVE,PUBLIC_IP_ADDRESS,https://console.cloud.google.com/compute/instancesDetail/zones/asia-south2-b/instances/artifact-test?project=ticm-qa,High,"To reduce the attack surface, avoid assigning public IP addresses to your VMs. Stopped instances may still be flagged with a Public IP finding, e.g. if the network interfaces are configured to assign an ephemeral public IP on start. Ensure the network configurations for stopped instances do not include external access.",2024-10-04 06:12:49.706000+00:00
//compute.googleapis.com/projects/ticm-qa/global/firewalls/827069850854425007,INACTIVE,OPEN_SSH_PORT,https://console.cloud.google.com/networking/firewalls/details/allow-ssh-test?project=ticm-qa,High,Firewall rules that allow connections from all IP addresses on TCP port 22 or SCTP port 22 may expose SSH services to attackers.,2024-11-12 04:16:24.954000+00:00
//compute.googleapis.com/projects/ticm-qa/zones/asia-south1-a/instances/3032628539144029350,INACTIVE,PUBLIC_IP_ADDRESS,https://console.cloud.google.com/compute/instancesDetail/zones/asia-south1-a/instances/ticm-qa-jumpserver?project=ticm-qa,High,"To reduce the attack surface, avoid assigning public IP addresses to your VMs. Stopped instances may still be flagged with a Public IP finding, e.g. if the network interfaces are configured to assign an ephemeral public IP on start. Ensure the network configurations for stopped instances do not include external access.",2024-03-11 08:25:49.205000+00:00
//compute.googleapis.com/projects/ticm-qa/zones/asia-south1-c/instances/kafka-connectm-3,INACTIVE,PUBLIC_IP_ADDRESS,https://console.cloud.google.com/compute/instancesDetail/zones/asia-south1-c/instances/kafka-connectm-3?project=ticm-qa,High,"To reduce the attack surface, avoid assigning public IP addresses to your VMs. Stopped instances may still be flagged with a Public IP finding, e.g. if the network interfaces are configured to assign an ephemeral public IP on start. Ensure the network configurations for stopped instances do not include external access.",2024-11-11 09:45:47.857000+00:00
//compute.googleapis.com/projects/ticm-qa/global/firewalls/6797086937895756230,INACTIVE,OPEN_RDP_PORT,https://console.cloud.google.com/networking/firewalls/details/allow-rdp?project=ticm-qa,High,Firewall rules that allow connections from all IP addresses on TCP port 3389 or UDP port 3389 may expose RDP services to attackers.,2024-11-12 04:00:03.497000+00:00
//compute.googleapis.com/projects/ticm-qa/global/firewalls/6929987249146532298,INACTIVE,OPEN_DIRECTORY_SERVICES_PORT,https://console.cloud.google.com/networking/firewalls/details/one-montra-openvpn?project=ticm-qa,High,Firewall rules that allow connections from all IP addresses on TCP port 445 or UDP port 445 may expose Directory Services to attackers.,2024-11-12 05:02:06.784000+00:00
//cloudsql.googleapis.com/projects/ticm-qa/instances/mysql-cloudsql-ticm-qa,INACTIVE,PUBLIC_SQL_INSTANCE,https://console.cloud.google.com/sql/instances/mysql-cloudsql-ticm-qa/connections?project=ticm-qa,High,"You have added 0.0.0.0/0 as an allowed network. This prefix will allow any IPv4 client to pass the network firewall and make login attempts to your instance, including clients you did not intend to allow. Clients still need valid credentials to successfully log in to your instance. Learn more at: https://cloud.google.com/sql/docs/mysql/configure-ip",2024-03-11 19:30:53.551000+00:00
//compute.googleapis.com/projects/ticm-qa/global/firewalls/5460751496360804538,INACTIVE,OPEN_FIREWALL,https://console.cloud.google.com/networking/firewalls/details/check-mysql?project=ticm-qa,High,Firewall rules that allow connections from all IP addresses or on all ports may expose resources to attackers.,2024-03-07 08:47:48.268000+00:00
//compute.googleapis.com/projects/ticm-qa/zones/asia-south2-b/instances/2662654021835536342,INACTIVE,PUBLIC_IP_ADDRESS,https://console.cloud.google.com/compute/instancesDetail/zones/asia-south2-b/instances/mysql-connect?project=ticm-qa,High,"To reduce the attack surface, avoid assigning public IP addresses to your VMs. Stopped instances may still be flagged with a Public IP finding, e.g. if the network interfaces are configured to assign an ephemeral public IP on start. Ensure the network configurations for stopped instances do not include external access.",2024-03-11 04:23:12.726000+00:00
//compute.googleapis.com/projects/ticm-qa/zones/asia-south2-a/instances/2853960248975390189,INACTIVE,PUBLIC_IP_ADDRESS,https://console.cloud.google.com/compute/instancesDetail/zones/asia-south2-a/instances/one-montra-openvpn?project=ticm-qa,High,"To reduce the attack surface, avoid assigning public IP addresses to your VMs. Stopped instances may still be flagged with a Public IP finding, e.g. if the network interfaces are configured to assign an ephemeral public IP on start. Ensure the network configurations for stopped instances do not include external access.",2024-03-12 10:31:48.678000+00:00
//compute.googleapis.com/projects/ticm-qa/global/firewalls/703773017846875213,INACTIVE,OPEN_FIREWALL,https://console.cloud.google.com/networking/firewalls/details/allow-all-ticm-qa-vpc?project=ticm-qa,High,Firewall rules that allow connections from all IP addresses or on all ports may expose resources to attackers.,2024-11-12 05:09:11.005000+00:00
//compute.googleapis.com/projects/ticm-qa/zones/asia-south2-a/instances/2618193108752228174,ACTIVE,PUBLIC_IP_ADDRESS,https://console.cloud.google.com/compute/instancesDetail/zones/asia-south2-a/instances/connectm-windows?project=ticm-qa,High,"To reduce the attack surface, avoid assigning public IP addresses to your VMs. Stopped instances may still be flagged with a Public IP finding, e.g. if the network interfaces are configured to assign an ephemeral public IP on start. Ensure the network configurations for stopped instances do not include external access.",2024-04-18 09:02:36.299000+00:00
//compute.googleapis.com/projects/ticm-qa/zones/asia-south2-a/instances/6487917380744616757,ACTIVE,PUBLIC_IP_ADDRESS,https://console.cloud.google.com/compute/instancesDetail/zones/asia-south2-a/instances/qa-one-montra-openvpn-2?project=ticm-qa,High,"To reduce the attack surface, avoid assigning public IP addresses to your VMs. Stopped instances may still be flagged with a Public IP finding, e.g. if the network interfaces are configured to assign an ephemeral public IP on start. Ensure the network configurations for stopped instances do not include external access.",2024-03-12 10:14:14.553000+00:00
//compute.googleapis.com/projects/ticm-qa/zones/asia-south2-a/instances/8613570440123433413,ACTIVE,PUBLIC_IP_ADDRESS,https://console.cloud.google.com/compute/instancesDetail/zones/asia-south2-a/instances/qa-one-montra-azure-agent?project=ticm-qa,High,"To reduce the attack surface, avoid assigning public IP addresses to your VMs. Stopped instances may still be flagged with a Public IP finding, e.g. if the network interfaces are configured to assign an ephemeral public IP on start. Ensure the network configurations for stopped instances do not include external access.",2024-03-13 10:25:55.174000+00:00
//compute.googleapis.com/projects/ticm-qa/global/firewalls/827069850854425007,INACTIVE,OPEN_FIREWALL,https://console.cloud.google.com/networking/firewalls/details/allow-ssh-test?project=ticm-qa,High,Firewall rules that allow connections from all IP addresses or on all ports may expose resources to attackers.,2024-11-12 04:16:24.954000+00:00
//compute.googleapis.com/projects/ticm-qa/zones/asia-south1-a/instances/5689698499010873668,INACTIVE,PUBLIC_IP_ADDRESS,https://console.cloud.google.com/compute/instancesDetail/zones/asia-south1-a/instances/mqtt-poc?project=ticm-qa,High,"To reduce the attack surface, avoid assigning public IP addresses to your VMs. Stopped instances may still be flagged with a Public IP finding, e.g. if the network interfaces are configured to assign an ephemeral public IP on start. Ensure the network configurations for stopped instances do not include external access.",2024-04-30 09:55:04.702000+00:00
//compute.googleapis.com/projects/ticm-qa/global/firewalls/allow-port-minikube,ACTIVE,OPEN_FIREWALL,https://console.cloud.google.com/networking/firewalls/details/allow-port-minikube?project=ticm-qa,High,Firewall rules that allow connections from all IP addresses or on all ports may expose resources to attackers.,2024-11-18 06:58:36.871000+00:00
//compute.googleapis.com/projects/ticm-qa/global/firewalls/6929987249146532298,ACTIVE,OPEN_SSH_PORT,https://console.cloud.google.com/networking/firewalls/details/one-montra-openvpn?project=ticm-qa,High,Firewall rules that allow connections from all IP addresses on TCP port 22 or SCTP port 22 may expose SSH services to attackers.,2024-11-15 06:03:24.126000+00:00
//compute.googleapis.com/projects/ticm-qa/zones/asia-south1-a/instances/3259271214532123926,INACTIVE,PUBLIC_IP_ADDRESS,https://console.cloud.google.com/compute/instancesDetail/zones/asia-south1-a/instances/mysql-dump-connectm?project=ticm-qa,High,"To reduce the attack surface, avoid assigning public IP addresses to your VMs. Stopped instances may still be flagged with a Public IP finding, e.g. if the network interfaces are configured to assign an ephemeral public IP on start. Ensure the network configurations for stopped instances do not include external access.",2024-08-27 06:43:30.494000+00:00
//cloudsql.googleapis.com/projects/ticm-qa/instances/ticm-qa-cloudsql-8,INACTIVE,PUBLIC_SQL_INSTANCE,https://console.cloud.google.com/sql/instances/ticm-qa-cloudsql-8/connections?project=ticm-qa,High,"You have added 0.0.0.0/0 as an allowed network. This prefix will allow any IPv4 client to pass the network firewall and make login attempts to your instance, including clients you did not intend to allow. Clients still need valid credentials to successfully log in to your instance. Learn more at: https://cloud.google.com/sql/docs/mysql/configure-ip",2024-03-11 15:02:34.284000+00:00
//compute.googleapis.com/projects/ticm-qa/global/firewalls/defectdojo,INACTIVE,OPEN_SSH_PORT,https://console.cloud.google.com/networking/firewalls/details/defectdojo?project=ticm-qa,High,Firewall rules that allow connections from all IP addresses on TCP port 22 or SCTP port 22 may expose SSH services to attackers.,2024-10-23 09:57:34.777000+00:00
//compute.googleapis.com/projects/ticm-qa/zones/asia-south2-c/instances/loki-poc,ACTIVE,PUBLIC_IP_ADDRESS,https://console.cloud.google.com/compute/instancesDetail/zones/asia-south2-c/instances/loki-poc?project=ticm-qa,High,"To reduce the attack surface, avoid assigning public IP addresses to your VMs. Stopped instances may still be flagged with a Public IP finding, e.g. if the network interfaces are configured to assign an ephemeral public IP on start. Ensure the network configurations for stopped instances do not include external access.",2024-11-21 05:45:19.910000+00:00
//compute.googleapis.com/projects/ticm-qa/zones/asia-south1-a/instances/2193209711222271812,INACTIVE,PUBLIC_IP_ADDRESS,https://console.cloud.google.com/compute/instancesDetail/zones/asia-south1-a/instances/ticm-sandbox?project=ticm-qa,High,"To reduce the attack surface, avoid assigning public IP addresses to your VMs. Stopped instances may still be flagged with a Public IP finding, e.g. if the network interfaces are configured to assign an ephemeral public IP on start. Ensure the network configurations for stopped instances do not include external access.",2024-03-20 07:38:26.410000+00:00
//compute.googleapis.com/projects/ticm-qa/zones/asia-south2-a/instances/376764202318359590,INACTIVE,PUBLIC_IP_ADDRESS,https://console.cloud.google.com/compute/instancesDetail/zones/asia-south2-a/instances/qa-one-montra-bastionhost?project=ticm-qa,High,"To reduce the attack surface, avoid assigning public IP addresses to your VMs. Stopped instances may still be flagged with a Public IP finding, e.g. if the network interfaces are configured to assign an ephemeral public IP on start. Ensure the network configurations for stopped instances do not include external access.",2024-03-11 04:24:43.615000+00:00
//compute.googleapis.com/projects/ticm-qa/global/firewalls/7638296226057528122,INACTIVE,OPEN_FIREWALL,https://console.cloud.google.com/networking/firewalls/details/ticm-qa-vpc-allow-http?project=ticm-qa,High,Firewall rules that allow connections from all IP addresses or on all ports may expose resources to attackers.,2024-11-12 04:50:53.405000+00:00
//compute.googleapis.com/projects/ticm-qa/global/firewalls/2670659810755898451,INACTIVE,OPEN_FIREWALL,https://console.cloud.google.com/networking/firewalls/details/allow-openvpn-ip?project=ticm-qa,High,Firewall rules that allow connections from all IP addresses or on all ports may expose resources to attackers.,2024-11-05 06:55:28.642000+00:00
//compute.googleapis.com/projects/ticm-qa/zones/asia-south2-b/instances/8757950125123310137,INACTIVE,PUBLIC_IP_ADDRESS,https://console.cloud.google.com/compute/instancesDetail/zones/asia-south2-b/instances/npm-test?project=ticm-qa,High,"To reduce the attack surface, avoid assigning public IP addresses to your VMs. Stopped instances may still be flagged with a Public IP finding, e.g. if the network interfaces are configured to assign an ephemeral public IP on start. Ensure the network configurations for stopped instances do not include external access.",2024-05-10 10:12:02.612000+00:00
//compute.googleapis.com/projects/ticm-qa/global/firewalls/6929987249146532298,INACTIVE,OPEN_TELNET_PORT,https://console.cloud.google.com/networking/firewalls/details/one-montra-openvpn?project=ticm-qa,High,Firewall rules that allow connections from all IP addresses on TCP port 23 may expose Telnet services to attackers.,2024-11-12 05:02:06.784000+00:00
//compute.googleapis.com/projects/ticm-qa/zones/asia-south2-a/instances/4505410465988159562,INACTIVE,PUBLIC_IP_ADDRESS,https://console.cloud.google.com/compute/instancesDetail/zones/asia-south2-a/instances/connectm-win?project=ticm-qa,High,"To reduce the attack surface, avoid assigning public IP addresses to your VMs. Stopped instances may still be flagged with a Public IP finding, e.g. if the network interfaces are configured to assign an ephemeral public IP on start. Ensure the network configurations for stopped instances do not include external access.",2024-04-18 04:12:45.991000+00:00
//compute.googleapis.com/projects/ticm-qa/zones/asia-south2-a/instances/62453796903277040,INACTIVE,PUBLIC_IP_ADDRESS,https://console.cloud.google.com/compute/instancesDetail/zones/asia-south2-a/instances/qa-one-montra-mysql-connect?project=ticm-qa,High,"To reduce the attack surface, avoid assigning public IP addresses to your VMs. Stopped instances may still be flagged with a Public IP finding, e.g. if the network interfaces are configured to assign an ephemeral public IP on start. Ensure the network configurations for stopped instances do not include external access.",2024-03-06 04:04:33.278000+00:00
//cloudsql.googleapis.com/projects/ticm-qa/instances/qa-sonarqube,ACTIVE,SSL_NOT_ENFORCED,https://console.cloud.google.com/sql/instances/qa-sonarqube/connections?project=ticm-qa,High,"To avoid leaking sensitive data in transit through unencrypted communications, all incoming connections to your SQL database instance should use SSL. Learn more at: https://cloud.google.com/sql/docs/mysql/configure-ssl-instance",2024-03-16 02:09:56.279000+00:00
//compute.googleapis.com/projects/ticm-qa/global/firewalls/4916012440446536034,ACTIVE,OPEN_FIREWALL,https://console.cloud.google.com/networking/firewalls/details/allow-all-sibros?project=ticm-qa,High,Firewall rules that allow connections from all IP addresses or on all ports may expose resources to attackers.,2024-11-20 12:20:56.611000+00:00
//compute.googleapis.com/projects/ticm-qa/zones/asia-south2-a/instances/4597247024420290599,INACTIVE,PUBLIC_IP_ADDRESS,https://console.cloud.google.com/compute/instancesDetail/zones/asia-south2-a/instances/terraform-one-montra?project=ticm-qa,High,"To reduce the attack surface, avoid assigning public IP addresses to your VMs. Stopped instances may still be flagged with a Public IP finding, e.g. if the network interfaces are configured to assign an ephemeral public IP on start. Ensure the network configurations for stopped instances do not include external access.",2024-03-11 11:06:11.080000+00:00
//compute.googleapis.com/projects/ticm-qa/zones/asia-south2-b/instances/4305329685093469927,INACTIVE,PUBLIC_IP_ADDRESS,https://console.cloud.google.com/compute/instancesDetail/zones/asia-south2-b/instances/batsapp-dev-azure-agent?project=ticm-qa,High,"To reduce the attack surface, avoid assigning public IP addresses to your VMs. Stopped instances may still be flagged with a Public IP finding, e.g. if the network interfaces are configured to assign an ephemeral public IP on start. Ensure the network configurations for stopped instances do not include external access.",2024-06-03 07:33:14.778000+00:00
//compute.googleapis.com/projects/ticm-qa/zones/asia-south1-b/instances/kafka-connectm-2,INACTIVE,PUBLIC_IP_ADDRESS,https://console.cloud.google.com/compute/instancesDetail/zones/asia-south1-b/instances/kafka-connectm-2?project=ticm-qa,High,"To reduce the attack surface, avoid assigning public IP addresses to your VMs. Stopped instances may still be flagged with a Public IP finding, e.g. if the network interfaces are configured to assign an ephemeral public IP on start. Ensure the network configurations for stopped instances do not include external access.",2024-11-11 09:45:35.490000+00:00
//cloudsql.googleapis.com/projects/ticm-qa/instances/one-montra-qa-env,ACTIVE,SSL_NOT_ENFORCED,https://console.cloud.google.com/sql/instances/one-montra-qa-env/connections?project=ticm-qa,High,"To avoid leaking sensitive data in transit through unencrypted communications, all incoming connections to your SQL database instance should use SSL. Learn more at: https://cloud.google.com/sql/docs/mysql/configure-ssl-instance",2024-07-31 11:48:32.204000+00:00
//storage.googleapis.com/ticm-qa-thanos-store,INACTIVE,PUBLIC_BUCKET_ACL,https://console.cloud.google.com/storage/browser/ticm-qa-thanos-store;tab=permissions,High,"Anyone on the internet can change the IAM policy of this bucket, as well as edit and read its content. ""allUsers"" represents anyone on the Internet, and ""allAuthenticatedUsers"" represents anyone who is authenticated with a Google account; neither is constrained to users within your organization.",2024-11-11 18:14:03.436000+00:00
//compute.googleapis.com/projects/ticm-qa/zones/asia-south2-b/instances/8683803493358649029,INACTIVE,PUBLIC_IP_ADDRESS,https://console.cloud.google.com/compute/instancesDetail/zones/asia-south2-b/instances/batsapp-dev-azure-agent?project=ticm-qa,High,"To reduce the attack surface, avoid assigning public IP addresses to your VMs. Stopped instances may still be flagged with a Public IP finding, e.g. if the network interfaces are configured to assign an ephemeral public IP on start. Ensure the network configurations for stopped instances do not include external access.",2024-11-25 05:35:27.918000+00:00
//compute.googleapis.com/projects/ticm-qa/global/firewalls/447703610213917087,ACTIVE,OPEN_FIREWALL,https://console.cloud.google.com/networking/firewalls/details/prometheus?project=ticm-qa,High,Firewall rules that allow connections from all IP addresses or on all ports may expose resources to attackers.,2024-08-22 09:08:07.415000+00:00
//compute.googleapis.com/projects/ticm-qa/global/firewalls/3909055871894403426,ACTIVE,OPEN_SSH_PORT,https://console.cloud.google.com/networking/firewalls/details/default-allow-ssh?project=ticm-qa,High,Firewall rules that allow connections from all IP addresses on TCP port 22 or SCTP port 22 may expose SSH services to attackers.,2024-02-28 07:34:00.668000+00:00
//compute.googleapis.com/projects/ticm-qa/global/firewalls/3220668001227185211,INACTIVE,OPEN_FIREWALL,https://console.cloud.google.com/networking/firewalls/details/mqtt?project=ticm-qa,High,Firewall rules that allow connections from all IP addresses or on all ports may expose resources to attackers.,2024-11-22 09:06:51.131000+00:00
//compute.googleapis.com/projects/ticm-qa/zones/asia-south1-a/instances/3238780140307447504,INACTIVE,PUBLIC_IP_ADDRESS,https://console.cloud.google.com/compute/instancesDetail/zones/asia-south1-a/instances/mqtt?project=ticm-qa,High,"To reduce the attack surface, avoid assigning public IP addresses to your VMs. Stopped instances may still be flagged with a Public IP finding, e.g. if the network interfaces are configured to assign an ephemeral public IP on start. Ensure the network configurations for stopped instances do not include external access.",2024-11-18 05:00:39.806000+00:00
//compute.googleapis.com/projects/ticm-qa/global/firewalls/5305526048184001458,INACTIVE,OPEN_FIREWALL,https://console.cloud.google.com/networking/firewalls/details/ticm-qa-promotheus?project=ticm-qa,High,Firewall rules that allow connections from all IP addresses or on all ports may expose resources to attackers.,2024-11-05 06:38:34.972000+00:00
//compute.googleapis.com/projects/ticm-qa/zones/asia-south2-a/instances/7511020711351772139,INACTIVE,PUBLIC_IP_ADDRESS,https://console.cloud.google.com/compute/instancesDetail/zones/asia-south2-a/instances/connectm-win-agent?project=ticm-qa,High,"To reduce the attack surface, avoid assigning public IP addresses to your VMs. Stopped instances may still be flagged with a Public IP finding, e.g. if the network interfaces are configured to assign an ephemeral public IP on start. Ensure the network configurations for stopped instances do not include external access.",2024-04-09 07:00:30.178000+00:00
//compute.googleapis.com/projects/ticm-qa/global/firewalls/645164164657425299,INACTIVE,OPEN_RDP_PORT,https://console.cloud.google.com/networking/firewalls/details/allow-all?project=ticm-qa,High,Firewall rules that allow connections from all IP addresses on TCP port 3389 or UDP port 3389 may expose RDP services to attackers.,2024-07-19 09:51:42.839000+00:00
//cloudsql.googleapis.com/projects/ticm-qa/instances/ticm-qa-cloudsql-8-3w,ACTIVE,SSL_NOT_ENFORCED,https://console.cloud.google.com/sql/instances/ticm-qa-cloudsql-8-3w/connections?project=ticm-qa,High,"To avoid leaking sensitive data in transit through unencrypted communications, all incoming connections to your SQL database instance should use SSL. Learn more at: https://cloud.google.com/sql/docs/mysql/configure-ssl-instance",2024-10-28 04:58:35.695000+00:00
//container.googleapis.com/projects/ticm-qa/locations/asia-south2-a/clusters/poc-gke,ACTIVE,GKE_HOST_PATH_VOLUMES,https://console.cloud.google.com/kubernetes/security/dashboard?project=ticm-qa,Medium,hostPath volumes mount files or directories from the host. These volumes present security risks that could lead to container escape.,2024-11-07 10:22:27.699000+00:00
//container.googleapis.com/projects/ticm-qa/locations/asia-south2-b/clusters/qa-onemontra-gke,INACTIVE,GKE_SECURITY_BULLETIN,https://console.cloud.google.com/kubernetes/security/dashboard?project=ticm-qa,High,A vulnerability (CVE-2024-26583) has been discovered in the Linux kernel that can lead to privilege escalation on Container-Optimized OS and Ubuntu nodes.,2024-08-02 15:24:20.411000+00:00
//container.googleapis.com/projects/ticm-qa/locations/asia-south2-b/clusters/qa-onemontra-gke,INACTIVE,GKE_SECURITY_BULLETIN,https://console.cloud.google.com/kubernetes/security/dashboard?project=ticm-qa,High,A vulnerability (CVE-2024-26809) has been discovered in the Linux kernel that can lead to privilege escalation on Container-Optimized OS and Ubuntu nodes.,2024-08-02 15:24:20.411000+00:00
//container.googleapis.com/projects/ticm-qa/locations/asia-south2-b/clusters/qa-onemontra-gke,INACTIVE,GKE_SECURITY_BULLETIN,https://console.cloud.google.com/kubernetes/security/dashboard?project=ticm-qa,High,A vulnerability (CVE-2024-26642) has been discovered in the Linux kernel that can lead to privilege escalation on Container-Optimized OS and Ubuntu nodes.,2024-11-20 09:33:01.773000+00:00
//container.googleapis.com/projects/ticm-qa/locations/asia-south2-b/clusters/qa-onemontra-gke,INACTIVE,GKE_SECURITY_BULLETIN,https://console.cloud.google.com/kubernetes/security/dashboard?project=ticm-qa,High,A vulnerability (CVE-2024-41009) has been discovered in the Linux kernel that can lead to privilege escalation on Container-Optimized OS and Ubuntu nodes.,2024-11-20 09:33:01.773000+00:00
//container.googleapis.com/projects/ticm-qa/locations/asia-south2-a/clusters/poc-gke,INACTIVE,GKE_HOST_PORTS,https://console.cloud.google.com/kubernetes/security/dashboard?project=ticm-qa,High,"Exposing a host port to a container potentially allows the container to intercept network traffic to a host service using that port or to bypass network access control rules, such as the rules in a NetworkPolicy.",2024-11-28 04:29:25.769000+00:00
//container.googleapis.com/projects/ticm-qa/locations/asia-south2/clusters/poc,INACTIVE,GKE_SECURITY_BULLETIN,https://console.cloud.google.com/kubernetes/security/dashboard?project=ticm-qa,High,A vulnerability (CVE-2024-41009) has been discovered in the Linux kernel that can lead to privilege escalation on Container-Optimized OS and Ubuntu nodes.,2024-11-07 16:38:53.373000+00:00
//container.googleapis.com/projects/ticm-qa/locations/asia-south1-a/clusters/cluster-1,INACTIVE,GKE_SECURITY_BULLETIN,https://console.cloud.google.com/kubernetes/security/dashboard?project=ticm-qa,High,A vulnerability (CVE-2024-26585) has been discovered in the Linux kernel that can lead to privilege escalation on Container-Optimized OS and Ubuntu nodes.,2024-06-03 14:17:37.494000+00:00
//container.googleapis.com/projects/ticm-qa/locations/asia-south2-a/clusters/sample,INACTIVE,GKE_SECURITY_BULLETIN,https://console.cloud.google.com/kubernetes/security/dashboard?project=ticm-qa,High,A vulnerability (CVE-2024-26584) has been discovered in the Linux kernel that can lead to privilege escalation on Container-Optimized OS and Ubuntu nodes.,2024-07-24 06:29:21.947000+00:00
//container.googleapis.com/projects/ticm-qa/locations/asia-south2-a/clusters/poc-gke,INACTIVE,GKE_SECURITY_BULLETIN,https://console.cloud.google.com/kubernetes/security/dashboard?project=ticm-qa,High,A vulnerability (CVE-2024-36978) has been discovered in the Linux kernel that can lead to privilege escalation on Container-Optimized OS and Ubuntu nodes.,2024-11-20 10:58:22.544000+00:00
//container.googleapis.com/projects/ticm-qa/locations/asia-south2-a/clusters/sample,INACTIVE,GKE_SECURITY_BULLETIN,https://console.cloud.google.com/kubernetes/security/dashboard?project=ticm-qa,High,A vulnerability (CVE-2024-26809) has been discovered in the Linux kernel that can lead to privilege escalation on Container-Optimized OS and Ubuntu nodes.,2024-07-24 06:29:21.947000+00:00
//container.googleapis.com/projects/ticm-qa/locations/asia-south2-a/clusters/sample,INACTIVE,GKE_SECURITY_BULLETIN,https://console.cloud.google.com/kubernetes/security/dashboard?project=ticm-qa,High,A vulnerability (CVE-2023-52620) has been discovered in the Linux kernel that can lead to privilege escalation on Container-Optimized OS and Ubuntu nodes.,2024-07-24 06:29:21.947000+00:00
//container.googleapis.com/projects/ticm-qa/locations/asia-south2-b/clusters/qa-onemontra-gke,INACTIVE,GKE_HOST_PORTS,https://console.cloud.google.com/kubernetes/security/dashboard?project=ticm-qa,High,"Exposing a host port to a container potentially allows the container to intercept network traffic to a host service using that port or to bypass network access control rules, such as the rules in a NetworkPolicy.",2024-07-23 06:44:51.666000+00:00
//container.googleapis.com/projects/ticm-qa/locations/asia-south2-b/clusters/qa-onemontra-gke,INACTIVE,GKE_SECURITY_BULLETIN,https://console.cloud.google.com/kubernetes/security/dashboard?project=ticm-qa,High,A vulnerability (CVE-2024-36978) has been discovered in the Linux kernel that can lead to privilege escalation on Container-Optimized OS and Ubuntu nodes.,2024-11-20 09:33:01.773000+00:00
//container.googleapis.com/projects/ticm-qa/locations/asia-south1-a/clusters/cluster-1,INACTIVE,GKE_RUN_AS_NONROOT,https://console.cloud.google.com/kubernetes/security/dashboard?project=ticm-qa,Medium,You can explicitly allow a container to run as the root user if the runAsUser or the USER directive in the image specifies the root user. The lack of preventive security controls when running as the root user increases the risk of container escape.,2024-06-03 14:17:37.569000+00:00
//container.googleapis.com/projects/ticm-qa/locations/asia-south2-b/clusters/qa-onemontra-gke,INACTIVE,GKE_SECURITY_BULLETIN,https://console.cloud.google.com/kubernetes/security/dashboard?project=ticm-qa,High,"A Denial-of-Service (DoS) vulnerability (CVE-2023-45288) was recently discovered in multiple implementations of the HTTP/2 protocol, including the golang HTTP server used by Kubernetes.",2024-06-25 17:14:10.467000+00:00
//container.googleapis.com/projects/ticm-qa/locations/asia-south2-a/clusters/one-montra-data-pipeline,INACTIVE,GKE_SECURITY_BULLETIN,https://console.cloud.google.com/kubernetes/security/dashboard?project=ticm-qa,High,A vulnerability (CVE-2024-26925) has been discovered in the Linux kernel that can lead to privilege escalation on Container-Optimized OS and Ubuntu nodes.,2024-09-28 05:47:48.912000+00:00
//container.googleapis.com/projects/ticm-qa/locations/asia-south2-a/clusters/one-montra-data-pipeline,INACTIVE,GKE_SECURITY_BULLETIN,https://console.cloud.google.com/kubernetes/security/dashboard?project=ticm-qa,High,A vulnerability (CVE-2024-39503) has been discovered in the Linux kernel that can lead to privilege escalation on Container-Optimized OS and Ubuntu nodes.,2024-11-20 10:40:06.148000+00:00
//container.googleapis.com/projects/ticm-qa/locations/asia-south1-a/clusters/kafka-cluster,INACTIVE,GKE_SECURITY_BULLETIN,https://console.cloud.google.com/kubernetes/security/dashboard?project=ticm-qa,High,A vulnerability (CVE-2024-26585) has been discovered in the Linux kernel that can lead to privilege escalation on Container-Optimized OS and Ubuntu nodes.,2024-06-03 04:20:19.611000+00:00
//container.googleapis.com/projects/ticm-qa/locations/asia-south2-b/clusters/qa-onemontra-gke,INACTIVE,GKE_SECURITY_BULLETIN,https://console.cloud.google.com/kubernetes/security/dashboard?project=ticm-qa,Critical,"A remote code execution vulnerability was recently discovered in OpenSSH.  The vulnerability exploits a race condition that can be used to obtain access to a remote shell, enabling attackers to gain root access to GKE nodes. At the time of publication, exploitation is believed to be fairly difficult and take several hours per machine being attacked.",2024-08-02 15:24:20.411000+00:00
//container.googleapis.com/projects/ticm-qa/locations/asia-south2-a/clusters/poc-gke,INACTIVE,GKE_SECURITY_BULLETIN,https://console.cloud.google.com/kubernetes/security/dashboard?project=ticm-qa,Medium,A vulnerability (CVE-2024-45016) has been discovered in the Linux kernel that can lead to privilege escalation on Container-Optimized OS and Ubuntu nodes.,2024-11-28 05:28:50.261000+00:00
//container.googleapis.com/projects/ticm-qa/locations/asia-south2-b/clusters/qa-onemontra-gke,INACTIVE,GKE_SECURITY_BULLETIN,https://console.cloud.google.com/kubernetes/security/dashboard?project=ticm-qa,High,A vulnerability (CVE-2023-52620) has been discovered in the Linux kernel that can lead to privilege escalation on Container-Optimized OS and Ubuntu nodes.,2024-08-02 15:24:20.411000+00:00
//container.googleapis.com/projects/ticm-qa/locations/asia-south2-b/clusters/qa-onemontra-gke,INACTIVE,GKE_SECURITY_BULLETIN,https://console.cloud.google.com/kubernetes/security/dashboard?project=ticm-qa,High,A vulnerability (CVE-2024-36972) has been discovered in the Linux kernel that can lead to privilege escalation on Container-Optimized OS and Ubuntu nodes.,2024-11-20 09:33:01.773000+00:00
//container.googleapis.com/projects/ticm-qa/locations/asia-south2-a/clusters/one-montra-data-pipeline,INACTIVE,GKE_SECURITY_BULLETIN,https://console.cloud.google.com/kubernetes/security/dashboard?project=ticm-qa,High,"2 vulnerabilities (CVE-2023-52654,CVE-2023-52656) have been discovered in the Linux kernel that can lead to privilege escalation on Container-Optimized OS and Ubuntu nodes.",2024-08-03 09:24:33.728000+00:00
//container.googleapis.com/projects/ticm-qa/locations/asia-south2-a/clusters/one-montra-data-pipeline,ACTIVE,GKE_HOST_PATH_VOLUMES,https://console.cloud.google.com/kubernetes/security/dashboard?project=ticm-qa,Medium,hostPath volumes mount files or directories from the host. These volumes present security risks that could lead to container escape.,2024-07-26 10:29:18.194000+00:00
//container.googleapis.com/projects/ticm-qa/locations/asia-south2-a/clusters/sample,INACTIVE,GKE_SECURITY_BULLETIN,https://console.cloud.google.com/kubernetes/security/dashboard?project=ticm-qa,High,A vulnerability (CVE-2024-26585) has been discovered in the Linux kernel that can lead to privilege escalation on Container-Optimized OS and Ubuntu nodes.,2024-07-24 06:29:21.947000+00:00
//container.googleapis.com/projects/ticm-qa/locations/asia-south1-a/clusters/cluster-1,INACTIVE,GKE_SECURITY_BULLETIN,https://console.cloud.google.com/kubernetes/security/dashboard?project=ticm-qa,High,A vulnerability (CVE-2024-26581) has been discovered in the Linux kernel that can lead to privilege escalation on Container-Optimized OS and Ubuntu nodes.,2024-06-03 14:17:37.794000+00:00
//container.googleapis.com/projects/ticm-qa/locations/asia-south2-b/clusters/qa-onemontra-gke,INACTIVE,GKE_SECURITY_BULLETIN,https://console.cloud.google.com/kubernetes/security/dashboard?project=ticm-qa,High,A vulnerability (CVE-2024-26923) has been discovered in the Linux kernel that can lead to privilege escalation on Container-Optimized OS and Ubuntu nodes.,2024-11-20 09:33:01.773000+00:00
//container.googleapis.com/projects/ticm-qa/locations/asia-south1-a/clusters/kafka-cluster,INACTIVE,GKE_RUN_AS_NONROOT,https://console.cloud.google.com/kubernetes/security/dashboard?project=ticm-qa,Medium,You can explicitly allow a container to run as the root user if the runAsUser or the USER directive in the image specifies the root user. The lack of preventive security controls when running as the root user increases the risk of container escape.,2024-06-13 08:05:10.316000+00:00
//container.googleapis.com/projects/ticm-qa/locations/asia-south1-a/clusters/kafka-test-cluster-1,INACTIVE,GKE_RUN_AS_NONROOT,https://console.cloud.google.com/kubernetes/security/dashboard?project=ticm-qa,Medium,You can explicitly allow a container to run as the root user if the runAsUser or the USER directive in the image specifies the root user. The lack of preventive security controls when running as the root user increases the risk of container escape.,2024-06-12 12:28:46.023000+00:00
//container.googleapis.com/projects/ticm-qa/locations/asia-south2-a/clusters/one-montra-data-pipeline,ACTIVE,GKE_HOST_NAMESPACES,https://console.cloud.google.com/kubernetes/security/dashboard?project=ticm-qa,High,"Pods that share host namespaces allow Pod processes to communicate with host processes and gather host information, which could lead to a container escape.",2024-07-26 10:29:18.194000+00:00
//container.googleapis.com/projects/ticm-qa/locations/asia-south2-b/clusters/qa-onemontra-gke,INACTIVE,GKE_SECURITY_BULLETIN,https://console.cloud.google.com/kubernetes/security/dashboard?project=ticm-qa,Medium,A vulnerability (CVE-2024-26643) has been discovered in the Linux kernel that can lead to privilege escalation on Container-Optimized OS and Ubuntu nodes.,2024-11-20 09:33:01.773000+00:00
//container.googleapis.com/projects/ticm-qa/locations/asia-south1-a/clusters/cluster-1,INACTIVE,GKE_PRIVILEGE_ESCALATION,https://console.cloud.google.com/kubernetes/security/dashboard?project=ticm-qa,Medium,"A container can be explicitly configured to allow privilege escalation on execution. This permits a process created within the container by executing a set-user-id, set-group-id, or file capability executable to gain the privileges specified by the executable. The lack of preventive security control increases the risk of container escape.",2024-06-03 14:17:37.419000+00:00
//container.googleapis.com/projects/ticm-qa/locations/asia-south2-b/clusters/qa-onemontra-gke,ACTIVE,GKE_SECURITY_BULLETIN,https://console.cloud.google.com/kubernetes/security/dashboard?project=ticm-qa,Medium,A vulnerability (CVE-2024-45016) has been discovered in the Linux kernel that can lead to privilege escalation on Container-Optimized OS and Ubuntu nodes.,2024-11-26 10:21:12.006000+00:00
//container.googleapis.com/projects/ticm-qa/locations/asia-south2/clusters/poc,INACTIVE,GKE_SECURITY_BULLETIN,https://console.cloud.google.com/kubernetes/security/dashboard?project=ticm-qa,High,A vulnerability (CVE-2024-36972) has been discovered in the Linux kernel that can lead to privilege escalation on Container-Optimized OS and Ubuntu nodes.,2024-11-07 16:38:52.624000+00:00
//container.googleapis.com/projects/ticm-qa/locations/asia-south1-a/clusters/cluster-1,INACTIVE,GKE_SECURITY_BULLETIN,https://console.cloud.google.com/kubernetes/security/dashboard?project=ticm-qa,High,A vulnerability (CVE-2024-26642) has been discovered in the Linux kernel that can lead to privilege escalation on Container-Optimized OS and Ubuntu nodes.,2024-06-03 14:17:37.644000+00:00
//container.googleapis.com/projects/ticm-qa/locations/asia-south2-a/clusters/poc-gke,INACTIVE,GKE_SECURITY_BULLETIN,https://console.cloud.google.com/kubernetes/security/dashboard?project=ticm-qa,High,A vulnerability (CVE-2024-41009) has been discovered in the Linux kernel that can lead to privilege escalation on Container-Optimized OS and Ubuntu nodes.,2024-11-20 10:58:22.544000+00:00
//container.googleapis.com/projects/ticm-qa/locations/asia-south2-b/clusters/qa-onemontra-gke,INACTIVE,GKE_SECURITY_BULLETIN,https://console.cloud.google.com/kubernetes/security/dashboard?project=ticm-qa,High,"2 vulnerabilities (CVE-2023-52654,CVE-2023-52656) have been discovered in the Linux kernel that can lead to privilege escalation on Container-Optimized OS and Ubuntu nodes.",2024-08-02 15:24:20.411000+00:00
//container.googleapis.com/projects/ticm-qa/locations/asia-south2-b/clusters/qa-onemontra-gke,ACTIVE,GKE_HOST_PATH_VOLUMES,https://console.cloud.google.com/kubernetes/security/dashboard?project=ticm-qa,Medium,hostPath volumes mount files or directories from the host. These volumes present security risks that could lead to container escape.,2024-05-22 21:31:28.529000+00:00
//container.googleapis.com/projects/ticm-qa/locations/asia-south2-a/clusters/poc-gke,ACTIVE,GKE_HOST_NAMESPACES,https://console.cloud.google.com/kubernetes/security/dashboard?project=ticm-qa,High,"Pods that share host namespaces allow Pod processes to communicate with host processes and gather host information, which could lead to a container escape.",2024-11-07 10:22:27.699000+00:00
//container.googleapis.com/projects/ticm-qa/locations/asia-south2-a/clusters/one-montra-data-pipeline,INACTIVE,GKE_SECURITY_BULLETIN,https://console.cloud.google.com/kubernetes/security/dashboard?project=ticm-qa,High,A vulnerability (CVE-2024-26584) has been discovered in the Linux kernel that can lead to privilege escalation on Container-Optimized OS and Ubuntu nodes.,2024-08-03 09:24:33.728000+00:00
//container.googleapis.com/projects/ticm-qa/locations/asia-south2-a/clusters/sample,INACTIVE,GKE_SECURITY_BULLETIN,https://console.cloud.google.com/kubernetes/security/dashboard?project=ticm-qa,High,"2 vulnerabilities (CVE-2023-52654,CVE-2023-52656) have been discovered in the Linux kernel that can lead to privilege escalation on Container-Optimized OS and Ubuntu nodes.",2024-07-24 06:29:21.947000+00:00
//container.googleapis.com/projects/ticm-qa/locations/asia-south2-a/clusters/one-montra-data-pipeline,ACTIVE,GKE_RUN_AS_NONROOT,https://console.cloud.google.com/kubernetes/security/dashboard?project=ticm-qa,Medium,You can explicitly allow a container to run as the root user if the runAsUser or the USER directive in the image specifies the root user. The lack of preventive security controls when running as the root user increases the risk of container escape.,2024-07-25 07:06:05.526000+00:00
//container.googleapis.com/projects/ticm-qa/locations/asia-south2-b/clusters/qa-onemontra-gke,ACTIVE,GKE_HOST_NAMESPACES,https://console.cloud.google.com/kubernetes/security/dashboard?project=ticm-qa,High,"Pods that share host namespaces allow Pod processes to communicate with host processes and gather host information, which could lead to a container escape.",2024-05-23 03:35:54.701000+00:00
//container.googleapis.com/projects/ticm-qa/locations/asia-south2-a/clusters/poc-gke,INACTIVE,GKE_SECURITY_BULLETIN,https://console.cloud.google.com/kubernetes/security/dashboard?project=ticm-qa,High,A vulnerability (CVE-2024-36972) has been discovered in the Linux kernel that can lead to privilege escalation on Container-Optimized OS and Ubuntu nodes.,2024-11-20 10:58:22.544000+00:00
//container.googleapis.com/projects/ticm-qa/locations/asia-south2-b/clusters/qa-onemontra-gke,INACTIVE,GKE_SECURITY_BULLETIN,https://console.cloud.google.com/kubernetes/security/dashboard?project=ticm-qa,High,A vulnerability (CVE-2024-26925) has been discovered in the Linux kernel that can lead to privilege escalation on Container-Optimized OS and Ubuntu nodes.,2024-11-20 09:33:01.773000+00:00
//container.googleapis.com/projects/ticm-qa/locations/asia-south2-b/clusters/qa-onemontra-gke,ACTIVE,GKE_RUN_AS_NONROOT,https://console.cloud.google.com/kubernetes/security/dashboard?project=ticm-qa,Medium,You can explicitly allow a container to run as the root user if the runAsUser or the USER directive in the image specifies the root user. The lack of preventive security controls when running as the root user increases the risk of container escape.,2024-05-23 03:35:54.701000+00:00
//container.googleapis.com/projects/ticm-qa/locations/asia-south2-a/clusters/one-montra-data-pipeline,INACTIVE,GKE_SECURITY_BULLETIN,https://console.cloud.google.com/kubernetes/security/dashboard?project=ticm-qa,High,A vulnerability (CVE-2024-26585) has been discovered in the Linux kernel that can lead to privilege escalation on Container-Optimized OS and Ubuntu nodes.,2024-08-03 09:24:33.728000+00:00
//container.googleapis.com/projects/ticm-qa/locations/asia-south2/clusters/poc,INACTIVE,GKE_SECURITY_BULLETIN,https://console.cloud.google.com/kubernetes/security/dashboard?project=ticm-qa,High,A vulnerability (CVE-2024-36978) has been discovered in the Linux kernel that can lead to privilege escalation on Container-Optimized OS and Ubuntu nodes.,2024-11-07 16:38:51.936000+00:00
//container.googleapis.com/projects/ticm-qa/locations/asia-south2-a/clusters/poc-gke,ACTIVE,GKE_PRIVILEGE_ESCALATION,https://console.cloud.google.com/kubernetes/security/dashboard?project=ticm-qa,Medium,"A container can be explicitly configured to allow privilege escalation on execution. This permits a process created within the container by executing a set-user-id, set-group-id, or file capability executable to gain the privileges specified by the executable. The lack of preventive security control increases the risk of container escape.",2024-11-07 10:22:27.699000+00:00
//container.googleapis.com/projects/ticm-qa/locations/asia-south2-b/clusters/qa-onemontra-gke,INACTIVE,GKE_SECURITY_BULLETIN,https://console.cloud.google.com/kubernetes/security/dashboard?project=ticm-qa,High,A vulnerability (CVE-2024-26585) has been discovered in the Linux kernel that can lead to privilege escalation on Container-Optimized OS and Ubuntu nodes.,2024-08-02 15:24:20.411000+00:00
//container.googleapis.com/projects/ticm-qa/locations/asia-south2-b/clusters/qa-onemontra-gke,INACTIVE,GKE_SECURITY_BULLETIN,https://console.cloud.google.com/kubernetes/security/dashboard?project=ticm-qa,High,A vulnerability (CVE-2024-26921) has been discovered in the Linux kernel that can lead to privilege escalation on Container-Optimized OS and Ubuntu nodes.,2024-11-20 09:33:01.773000+00:00
//container.googleapis.com/projects/ticm-qa/locations/asia-south2-b/clusters/qa-onemontra-gke,INACTIVE,GKE_SECURITY_BULLETIN,https://console.cloud.google.com/kubernetes/security/dashboard?project=ticm-qa,High,A vulnerability (CVE-2024-26584) has been discovered in the Linux kernel that can lead to privilege escalation on Container-Optimized OS and Ubuntu nodes.,2024-08-02 15:24:20.411000+00:00
//container.googleapis.com/projects/ticm-qa/locations/asia-south2-a/clusters/one-montra-data-pipeline,INACTIVE,GKE_SECURITY_BULLETIN,https://console.cloud.google.com/kubernetes/security/dashboard?project=ticm-qa,High,A vulnerability (CVE-2024-41009) has been discovered in the Linux kernel that can lead to privilege escalation on Container-Optimized OS and Ubuntu nodes.,2024-11-20 10:40:06.148000+00:00
//container.googleapis.com/projects/ticm-qa/locations/asia-south1-a/clusters/cluster-1,INACTIVE,GKE_SECURITY_BULLETIN,https://console.cloud.google.com/kubernetes/security/dashboard?project=ticm-qa,High,"A Denial-of-Service (DoS) vulnerability (CVE-2023-45288) was recently discovered in multiple implementations of the HTTP/2 protocol, including the golang HTTP server used by Kubernetes.",2024-06-03 14:17:37.719000+00:00
//container.googleapis.com/projects/ticm-qa/locations/asia-south2-a/clusters/one-montra-data-pipeline,INACTIVE,GKE_SECURITY_BULLETIN,https://console.cloud.google.com/kubernetes/security/dashboard?project=ticm-qa,Medium,A vulnerability (CVE-2024-26643) has been discovered in the Linux kernel that can lead to privilege escalation on Container-Optimized OS and Ubuntu nodes.,2024-08-24 06:05:56.933000+00:00
//container.googleapis.com/projects/ticm-qa/locations/asia-south1-a/clusters/kafka-test-cluster-1,INACTIVE,GKE_PRIVILEGE_ESCALATION,https://console.cloud.google.com/kubernetes/security/dashboard?project=ticm-qa,Medium,"A container can be explicitly configured to allow privilege escalation on execution. This permits a process created within the container by executing a set-user-id, set-group-id, or file capability executable to gain the privileges specified by the executable. The lack of preventive security control increases the risk of container escape.",2024-06-12 12:28:46.023000+00:00
//container.googleapis.com/projects/ticm-qa/locations/asia-south2-b/clusters/qa-onemontra-gke,INACTIVE,GKE_SECURITY_BULLETIN,https://console.cloud.google.com/kubernetes/security/dashboard?project=ticm-qa,High,A vulnerability (CVE-2024-26924) has been discovered in the Linux kernel that can lead to privilege escalation on Container-Optimized OS and Ubuntu nodes.,2024-11-20 09:33:01.773000+00:00
//container.googleapis.com/projects/ticm-qa/locations/asia-south1-a/clusters/cluster-1,INACTIVE,GKE_SECURITY_BULLETIN,https://console.cloud.google.com/kubernetes/security/dashboard?project=ticm-qa,High,A vulnerability (CVE-2023-52620) has been discovered in the Linux kernel that can lead to privilege escalation on Container-Optimized OS and Ubuntu nodes.,2024-06-03 14:17:37.418000+00:00
//container.googleapis.com/projects/ticm-qa/locations/asia-south2-b/clusters/qa-onemontra-gke,INACTIVE,GKE_PRIVILEGED_CONTAINERS,https://console.cloud.google.com/kubernetes/security/dashboard?project=ticm-qa,High,"Privileged containers allow nearly unrestricted host access. They share namespaces with the host, and lack control group, seccomp, AppArmor, and capability restrictions.",2024-09-04 09:23:25.300000+00:00
//container.googleapis.com/projects/ticm-qa/locations/asia-south2-a/clusters/one-montra-data-pipeline,ACTIVE,GKE_SECURITY_BULLETIN,https://console.cloud.google.com/kubernetes/security/dashboard?project=ticm-qa,Medium,A vulnerability (CVE-2024-45016) has been discovered in the Linux kernel that can lead to privilege escalation on Container-Optimized OS and Ubuntu nodes.,2024-11-26 10:18:42.237000+00:00
//container.googleapis.com/projects/ticm-qa/locations/asia-south2-b/clusters/qa-onemontra-gke,INACTIVE,GKE_SECURITY_BULLETIN,https://console.cloud.google.com/kubernetes/security/dashboard?project=ticm-qa,High,A vulnerability (CVE-2024-39503) has been discovered in the Linux kernel that can lead to privilege escalation on Container-Optimized OS and Ubuntu nodes.,2024-11-20 09:33:01.773000+00:00
//container.googleapis.com/projects/ticm-qa/locations/asia-south2/clusters/poc,INACTIVE,GKE_SECURITY_BULLETIN,https://console.cloud.google.com/kubernetes/security/dashboard?project=ticm-qa,High,A vulnerability (CVE-2024-39503) has been discovered in the Linux kernel that can lead to privilege escalation on Container-Optimized OS and Ubuntu nodes.,2024-11-07 16:38:53.886000+00:00
//container.googleapis.com/projects/ticm-qa/locations/asia-south2-a/clusters/poc-gke,ACTIVE,GKE_RUN_AS_NONROOT,https://console.cloud.google.com/kubernetes/security/dashboard?project=ticm-qa,Medium,You can explicitly allow a container to run as the root user if the runAsUser or the USER directive in the image specifies the root user. The lack of preventive security controls when running as the root user increases the risk of container escape.,2024-11-25 06:27:00.454000+00:00
//container.googleapis.com/projects/ticm-qa/locations/asia-south2-a/clusters/one-montra-data-pipeline,INACTIVE,GKE_SECURITY_BULLETIN,https://console.cloud.google.com/kubernetes/security/dashboard?project=ticm-qa,High,A vulnerability (CVE-2024-26924) has been discovered in the Linux kernel that can lead to privilege escalation on Container-Optimized OS and Ubuntu nodes.,2024-08-24 06:05:56.933000+00:00
//container.googleapis.com/projects/ticm-qa/locations/asia-south1-a/clusters/kafka-cluster,INACTIVE,GKE_PRIVILEGE_ESCALATION,https://console.cloud.google.com/kubernetes/security/dashboard?project=ticm-qa,Medium,"A container can be explicitly configured to allow privilege escalation on execution. This permits a process created within the container by executing a set-user-id, set-group-id, or file capability executable to gain the privileges specified by the executable. The lack of preventive security control increases the risk of container escape.",2024-06-13 08:05:10.784000+00:00
//container.googleapis.com/projects/ticm-qa/locations/asia-south2-a/clusters/one-montra-data-pipeline,INACTIVE,GKE_SECURITY_BULLETIN,https://console.cloud.google.com/kubernetes/security/dashboard?project=ticm-qa,High,A vulnerability (CVE-2024-36972) has been discovered in the Linux kernel that can lead to privilege escalation on Container-Optimized OS and Ubuntu nodes.,2024-11-20 10:40:06.148000+00:00
//container.googleapis.com/projects/ticm-qa/locations/asia-south2-b/clusters/qa-onemontra-gke,INACTIVE,GKE_SECURITY_BULLETIN,https://console.cloud.google.com/kubernetes/security/dashboard?project=ticm-qa,High,A vulnerability (CVE-2024-26581) has been discovered in the Linux kernel that can lead to privilege escalation on Container-Optimized OS and Ubuntu nodes.,2024-07-12 12:52:02.743000+00:00
//container.googleapis.com/projects/ticm-qa/locations/asia-south2-a/clusters/one-montra-data-pipeline,INACTIVE,GKE_SECURITY_BULLETIN,https://console.cloud.google.com/kubernetes/security/dashboard?project=ticm-qa,High,A vulnerability (CVE-2024-26642) has been discovered in the Linux kernel that can lead to privilege escalation on Container-Optimized OS and Ubuntu nodes.,2024-09-28 05:47:48.912000+00:00
//container.googleapis.com/projects/ticm-qa/locations/asia-south2-a/clusters/one-montra-data-pipeline,ACTIVE,GKE_PRIVILEGE_ESCALATION,https://console.cloud.google.com/kubernetes/security/dashboard?project=ticm-qa,Medium,"A container can be explicitly configured to allow privilege escalation on execution. This permits a process created within the container by executing a set-user-id, set-group-id, or file capability executable to gain the privileges specified by the executable. The lack of preventive security control increases the risk of container escape.",2024-07-25 07:06:05.526000+00:00
//container.googleapis.com/projects/ticm-qa/locations/asia-south2-a/clusters/one-montra-data-pipeline,INACTIVE,GKE_SECURITY_BULLETIN,https://console.cloud.google.com/kubernetes/security/dashboard?project=ticm-qa,High,A vulnerability (CVE-2024-26923) has been discovered in the Linux kernel that can lead to privilege escalation on Container-Optimized OS and Ubuntu nodes.,2024-09-28 05:47:48.912000+00:00
//container.googleapis.com/projects/ticm-qa/locations/asia-south2-a/clusters/one-montra-data-pipeline,INACTIVE,GKE_SECURITY_BULLETIN,https://console.cloud.google.com/kubernetes/security/dashboard?project=ticm-qa,High,A vulnerability (CVE-2024-26809) has been discovered in the Linux kernel that can lead to privilege escalation on Container-Optimized OS and Ubuntu nodes.,2024-08-03 09:24:33.728000+00:00
//container.googleapis.com/projects/ticm-qa/locations/asia-south2-a/clusters/one-montra-data-pipeline,INACTIVE,GKE_SECURITY_BULLETIN,https://console.cloud.google.com/kubernetes/security/dashboard?project=ticm-qa,High,A vulnerability (CVE-2024-26921) has been discovered in the Linux kernel that can lead to privilege escalation on Container-Optimized OS and Ubuntu nodes.,2024-10-26 10:50:33.954000+00:00
//container.googleapis.com/projects/ticm-qa/locations/asia-south2-a/clusters/one-montra-data-pipeline,INACTIVE,GKE_SECURITY_BULLETIN,https://console.cloud.google.com/kubernetes/security/dashboard?project=ticm-qa,High,A vulnerability (CVE-2023-52620) has been discovered in the Linux kernel that can lead to privilege escalation on Container-Optimized OS and Ubuntu nodes.,2024-08-03 09:24:33.728000+00:00
//container.googleapis.com/projects/ticm-qa/locations/asia-south2-b/clusters/qa-onemontra-gke,ACTIVE,GKE_PRIVILEGE_ESCALATION,https://console.cloud.google.com/kubernetes/security/dashboard?project=ticm-qa,Medium,"A container can be explicitly configured to allow privilege escalation on execution. This permits a process created within the container by executing a set-user-id, set-group-id, or file capability executable to gain the privileges specified by the executable. The lack of preventive security control increases the risk of container escape.",2024-05-23 03:35:54.701000+00:00
//container.googleapis.com/projects/ticm-qa/locations/asia-south2-a/clusters/poc-gke,INACTIVE,GKE_SECURITY_BULLETIN,https://console.cloud.google.com/kubernetes/security/dashboard?project=ticm-qa,High,A vulnerability (CVE-2024-39503) has been discovered in the Linux kernel that can lead to privilege escalation on Container-Optimized OS and Ubuntu nodes.,2024-11-20 10:58:22.544000+00:00
//container.googleapis.com/projects/ticm-qa/locations/asia-south2-a/clusters/poc-gke,ACTIVE,GKE_SECURITY_BULLETIN,https://console.cloud.google.com/kubernetes/security/dashboard?project=ticm-qa,Medium,A vulnerability (CVE-2024-45016) has been discovered in the Linux kernel that can lead to privilege escalation on Container-Optimized OS and Ubuntu nodes.,2024-11-28 05:28:50.261000+00:00
//container.googleapis.com/projects/ticm-qa/locations/asia-south2-a/clusters/one-montra-data-pipeline,INACTIVE,GKE_SECURITY_BULLETIN,https://console.cloud.google.com/kubernetes/security/dashboard?project=ticm-qa,High,A vulnerability (CVE-2024-36978) has been discovered in the Linux kernel that can lead to privilege escalation on Container-Optimized OS and Ubuntu nodes.,2024-11-20 10:40:06.148000+00:00
//container.googleapis.com/projects/ticm-qa/locations/asia-south1-a/clusters/kafka-cluster,INACTIVE,GKE_SECURITY_BULLETIN,https://console.cloud.google.com/kubernetes/security/dashboard?project=ticm-qa,High,"A Denial-of-Service (DoS) vulnerability (CVE-2023-45288) was recently discovered in multiple implementations of the HTTP/2 protocol, including the golang HTTP server used by Kubernetes.",2024-06-03 04:20:19.611000+00:00
